"laser speed";"laser power";"hatch spacing";"vm_avg";"disp_sq";"cauchy_sq"
0.474058655;0.578488616;0.907240033;0.7159929;0.505592289;1.41453941
0.612813813;0.733053836;0.958906755;0.758216469;0.421503742;1.479452776
0.866332174;0.877689096;0.635306185;0.72586361;0.56292075;1.536615014
0.959540193;0.56763416;0.784620793;0.945494328;0.260764319;1.553997568
0.375146098;0.2541989;0.527757049;0.683049805;0.493561587;1.344682031
0.372388655;0.59953932;0.906924243;0.650445042;0.624689799;1.315506435
0.864773636;0.499523766;0.768402382;0.838219829;0.270624489;1.351252433
0.677009361;0.357974904;0.535145166;0.761254042;0.375016091;1.354698416
0.696473851;0.366610713;0.606455014;0.686392684;0.356180944;0.989053317
0.213863284;0.194389486;0.744386482;0.640612325;0.498626683;1.265228876
0.282054941;0.217160026;0.548658024;0.659752301;0.534979113;1.384588463
0.714785011;0.401165098;0.678009846;0.745845168;0.329144293;1.195008688
0.660175556;0.343547679;0.503606491;0.750125412;0.397402707;1.36980512
0.628179722;0.438069563;0.953072981;0.852381862;0.255080175;1.25587773
0.978418553;0.566318301;0.729697959;0.919712034;0.280642055;1.597246247
0.610786791;0.665629582;0.639473635;0.696026744;0.571773533;1.502912361
0.806184357;0.488508311;0.755843857;0.906565788;0.288285664;1.531354218
0.697489527;0.743647413;0.811339468;0.719883139;0.477007599;1.410068397
0.840919099;0.993724101;0.949854988;0.805840499;0.436741944;1.551950906
0.189971744;0.298411881;0.973338317;0.611135669;0.628019837;1.364696978
0.951799235;0.397416018;0.453902493;0.675308803;0.373604356;1.119129727
0.433388625;0.309314196;0.877601192;0.739377443;0.332087397;1.172898135
0.978057647;0.513744634;0.574047064;0.882755883;0.339802415;1.541079968
0.953141676;0.480494869;0.646140778;0.726610074;0.292011713;1.065697166
0.848931894;0.54121806;0.848793102;0.964170686;0.247596025;1.657341631
0.469271077;0.354286052;0.939767231;0.800122445;0.308378027;1.326538712
0.722243715;0.489662288;0.938051634;0.889709158;0.259177369;1.346066132
0.318817041;0.279507059;0.837840643;0.760376229;0.388001361;1.432031648
0.43176332;0.286927747;0.654262591;0.721784569;0.403057643;1.242829436
0.900242743;0.618216113;0.98793544;0.993119206;0.208394372;1.452430203
0.812854098;0.399760279;0.52373072;0.774900482;0.360453423;1.312120543
0.467969262;0.206633963;0.505605471;0.4189173;0.424362894;0.602684009
0.878151636;0.532504683;0.670089241;0.911163359;0.324639646;1.605386084
0.303721852;0.32728977;0.623302718;0.570682188;0.679970529;1.249399924
0.447615967;0.551034012;0.726816087;0.700123003;0.590934256;1.422283099
0.445540493;0.336784615;0.773135112;0.825153588;0.351222594;1.533316478
0.767877114;0.433937922;0.879040618;0.569715312;0.25965308;0.611523306
0.44469778;0.346995248;0.945649134;0.796137826;0.316834136;1.36839868
0.642542078;0.385088575;0.657635122;0.818596318;0.341196951;1.432526972
0.586935211;0.263478256;0.594626404;0.453652051;0.357504923;0.655142402
0.233066118;0.170892018;0.519808395;0.51307787;0.595771072;1.016202703
0.458369558;0.620527864;0.986463634;0.792587932;0.501871344;1.590705914
0.867209004;0.900925555;0.830793875;0.744018359;0.453093421;1.412399605
0.787055874;0.522909554;0.922672061;0.914086206;0.249778704;1.368166088
0.449416909;0.271244383;0.4460922;0.691115948;0.501544774;1.324177084
0.964594841;0.498328605;0.55536646;0.885824659;0.314234375;1.702833473
0.764811502;0.431652403;0.617425519;0.854146949;0.32170329;1.522470673
0.802614499;0.454851937;0.816774645;0.64912859;0.272517592;0.896128643
0.884746835;0.797958109;0.780841931;0.774906537;0.381575064;1.493470441
0.928644897;0.576332378;0.748192241;0.953316324;0.276787789;1.671863506
0.886383621;0.501653765;0.719350825;0.883291085;0.282896657;1.445625288
0.160774777;0.152777011;0.566690377;0.561096116;0.643575247;1.314649203
0.833249514;0.530784032;0.711032356;0.912295404;0.296717549;1.597464009
0.707578359;0.384641206;0.797040739;0.552608413;0.287360769;0.790368193
0.802176017;0.680592957;0.94167173;0.92634709;0.290736863;1.703287845
0.150953701;0.164372765;0.953618837;0.587265822;0.482996833;1.037205155
0.709382603;0.477885079;0.978053867;0.873911527;0.236553718;1.237385948
0.400795518;0.312717545;0.879621705;0.786305871;0.346859067;1.638257467
0.76124505;0.47187632;0.867561745;0.833435954;0.26977375;1.269327173
0.763859034;0.903757726;0.843372422;0.807535953;0.473233767;1.642425771
0.732065893;0.526061065;0.994285545;0.939597952;0.238629044;1.435565729
0.436831101;0.310940543;0.682892069;0.783295064;0.384500738;1.457691397
0.574759916;0.345706366;0.882070611;0.55235701;0.291576989;0.654437255
0.549694991;0.504712828;0.932223595;0.847599345;0.324913037;1.581519081
0.644412845;0.663040509;0.785323492;0.702270338;0.479052539;1.410876663
0.687986067;0.604663436;0.77920617;0.777992125;0.403464871;1.587892541
0.683830558;0.640295573;0.938400525;0.855778321;0.345894639;1.625955998
0.923577063;0.548412402;0.502775964;0.74611468;0.455968715;1.514123151
0.435793198;0.479825604;0.589387315;0.638004033;0.674726582;1.407579616
0.472603428;0.553725658;0.640300066;0.652080769;0.629793815;1.381989844
0.996565221;0.520616129;0.732319981;0.618899661;0.274057266;0.870900679
0.994811576;0.770588799;0.963490138;1;0.255079027;1.681318825
0.408222423;0.326086745;0.860269294;0.812532403;0.34212024;1.505584955
0.761936845;0.409934661;0.726445207;0.619396039;0.307601081;0.990138263
0.58547247;0.785239021;0.995366325;0.827077112;0.469010467;1.595217664
0.354108946;0.186870308;0.633353741;0.425544231;0.376077602;0.724144457
0.26207235;0.195969696;0.588873109;0.598395218;0.535906191;1.291277256
0.66180492;0.445271222;0.638516151;0.826519188;0.359656259;1.59302085
0.710711872;0.450828555;0.722513672;0.887667338;0.309795365;1.674853137
0.837048244;0.759385873;0.936984091;0.886563921;0.324764295;1.653999426
0.841775601;0.966227708;0.838115543;0.813734204;0.447058903;1.618020961
0.400221908;0.31187577;0.975247025;0.76179622;0.308263594;1.24424021
0.85034644;0.74988814;0.780048843;0.786171816;0.383755183;1.536648866
0.826196871;0.70495459;0.816891401;0.828130157;0.361858932;1.630026849
0.328141489;0.249323482;0.818844417;0.676621225;0.398490882;1.187830999
0.651769632;0.430595837;0.924450498;0.818009494;0.262212572;1.176953452
0.544932064;0.562529303;0.939369253;0.797475588;0.406954877;1.669816814
0.75680003;0.727900109;0.890072237;0.811582603;0.369775537;1.545468788
0.979759164;0.53508376;0.80197069;0.687802256;0.240647096;0.950952785
0.603112914;0.372932161;0.826383832;0.65742745;0.306965827;0.918105935
0.910354038;0.503995152;0.619773754;0.901779536;0.296166068;1.582766669
0.892170633;0.677479126;0.88073933;0.946669602;0.289702061;1.689044152
0.686818074;0.324414893;0.445413979;0.661897686;0.432704305;1.23414077
0.442301667;0.32495307;0.895664805;0.778491858;0.324296484;1.1985885
0.953940121;0.736420253;0.953995704;0.986394974;0.257303428;1.707427524
0.204958179;0.211004883;0.883087373;0.675015508;0.454256017;1.230586476
0.852059995;0.673919803;0.949737894;0.965119291;0.269025311;1.684090308
0.939003038;0.725859922;0.951317058;0.985427825;0.253716115;1.678441879
0.447176701;0.321511549;1;0.675615167;0.311771178;1.038275104
0.818086183;0.622998447;0.932659064;0.961643092;0.249312071;1.732706838
0.424823043;0.193900904;0.533312861;0.415257661;0.419996449;0.641839438
0.907012129;0.554890617;0.653638249;0.893540996;0.341831676;1.620987987
0.706136312;0.469029782;0.676901249;0.869813495;0.334229552;1.677861938
0.341905121;0.510158171;0.993906107;0.74783784;0.542683675;1.577840412
0.85970167;0.613137074;0.841533525;0.960002737;0.289546948;1.788512068
0.727941459;0.370400366;0.799379822;0.511811996;0.27007732;0.698001846
0.573118779;0.400939539;0.915161107;0.83120635;0.279799622;1.238561325
0.637554331;0.756685246;0.740087673;0.731279294;0.547235452;1.571183119
0.876446611;0.558928329;0.925866509;0.907125981;0.230933842;1.294535983
0.563250592;0.540406064;0.921786996;0.821284328;0.342253848;1.685779841
0.521077935;0.39553199;0.88955644;0.862248208;0.301877803;1.522465476
0.20967296;0.229098764;0.885975594;0.674039587;0.470408704;1.28535117
0.921177607;0.891127092;0.851736381;0.791193186;0.367339245;1.548779406
0.780211606;0.592921267;0.666792245;0.776624751;0.415025613;1.533150896
0.742877544;0.488928619;0.695312229;0.882823903;0.320571195;1.681007472
0.489138631;0.37688133;0.804185454;0.827411522;0.331313446;1.571649206
0.791308442;0.447119078;0.805818962;0.643726743;0.275546369;0.902436112
0.704587741;0.455651917;0.615945103;0.833078766;0.370244006;1.582920733
0.959013727;0.574824801;0.532695153;0.774366587;0.431956684;1.526633915
0.830939302;0.531854402;0.761668963;0.936886578;0.281550701;1.653510668
0.538781699;0.764346842;0.725715716;0.52067971;0.732940684;1.063754749
0.793196822;0.52153744;0.674382844;0.878092806;0.356221129;1.619522724
0.387087942;0.280975043;0.849284982;0.69270626;0.363283235;1.486038637
0.207062888;0.503079749;0.929289613;0.364613272;0.863951389;0.736586894
0.566191744;0.492010144;0.863683119;0.844530727;0.361014022;1.615306323
0.856737177;0.735295995;0.955775639;0.934730422;0.289610873;1.696909658
0.712612987;0.500127007;0.822067009;0.923040064;0.284132882;1.798702424
0.601445;0.437797883;0.970345035;0.889696042;0.249815924;1.482224696
0.861384351;0.414133278;0.703167731;0.531087106;0.285798516;0.769371081
0.493027507;0.378932906;0.646595377;0.753983206;0.427882101;1.558673654
0.518497545;0.398850302;0.658281481;0.765393394;0.419417944;1.509842413
0.97660673;0.5392144;0.855607425;0.632759249;0.232235661;0.886170789
0.735971821;0.492948236;0.73859213;0.899462917;0.305244522;1.683010511
0.860049449;0.601658487;0.769257151;0.919131423;0.325339676;1.687278707
0.454274357;0.525098519;0.936765737;0.726022002;0.478447304;1.552814297
0.870420272;0.648608119;0.885058764;0.951206812;0.281156222;1.675352147
0.717859265;0.690258421;0.538558773;0.635388678;0.655683241;1.373621294
0.16364318;0.157868091;0.786429576;0.552092523;0.529284209;1.061262705
0.40526187;0.880365867;0.856047969;0.317302812;0.821646716;0.60838002
0.359049037;0.227434526;0.896120699;0.478933947;0.305619351;0.80509417
0.81126759;0.645899462;0.702215524;0.780503623;0.412988572;1.531257346
0.698188209;0.54610751;0.93069383;0.923864019;0.270775978;1.667192323
0.622136699;0.524755028;0.854295166;0.861891773;0.327792264;1.699236723
0.13397586;0.278966469;0.893183159;0.540382954;0.805150835;1.124042865
0.649696749;0.526673137;0.837391647;0.870821898;0.317904528;1.726065599
0.349104071;0.212524613;0.836461853;0.464178795;0.316273615;0.760297078
0.873967841;0.944180391;0.741686666;0.781083954;0.494616871;1.556197345
0.554784975;0.57063704;0.9436532;0.802422625;0.39898232;1.64814501
0.489034664;0.296033005;0.971115364;0.515166847;0.275298912;0.718882129
0.856045351;0.687068416;0.999357309;0.969606663;0.276853663;1.664640303
0.640697444;0.460033679;0.730877792;0.861835841;0.337790087;1.67460393
0.500131437;0.822640291;0.734600253;0.382777016;0.806104188;0.776824672
0.174540159;0.15876773;0.652119603;0.535936278;0.582775975;1.020892689
0.648653719;0.528970773;0.89794546;0.895271487;0.293323651;1.64693211
0.808808098;0.674617685;0.881050131;0.897655839;0.318304973;1.633941404
0.699308987;0.592399178;0.874387832;0.870799403;0.3295378;1.627229756
0.578623981;0.534249882;0.712753432;0.692392133;0.49893359;1.378655624
0.919276878;0.711234598;0.633518255;0.74235936;0.436446436;1.441462365
0.887685325;0.610525585;0.896922104;0.983760294;0.233547279;1.585294794
0.914329132;0.58686877;0.449425825;0.618528661;0.544939454;1.233838645
0.211480284;0.305930228;0.60923572;0.54561983;0.810020724;1.198858175
0.739979985;0.726774208;0.852507761;0.775469546;0.399902414;1.570488732
0.503087874;0.273689951;0.53202776;0.585368541;0.436116346;1.106469776
0.838984663;0.852534857;0.941003482;0.818904799;0.356192864;1.582922556
0.315432932;0.352045307;0.9255385;0.727062569;0.431748612;1.580075138
0.616325505;0.544685752;0.852180358;0.827594804;0.349530463;1.644199636
0.565177299;0.362058985;0.907619841;0.627475358;0.29665702;0.841909287
0.962193797;0.543900704;0.59140446;0.894437951;0.352662553;1.701082834
0.888637649;0.906962724;0.943173224;0.818217464;0.348195172;1.570699709
0.30490623;0.41092762;0.688792218;0.6284493;0.695184074;1.3470706
0.95257946;0.515160762;0.55564761;0.879938809;0.360596796;1.645401861
0.963932115;0.876383723;0.754834619;0.750241934;0.410114881;1.431951822
0.244970326;0.240411759;0.944222739;0.690689688;0.414554257;1.239610279
0.665939178;0.465379838;0.604065479;0.764949349;0.444320713;1.542250772
0.640490446;0.583216144;0.776222659;0.75953426;0.432461417;1.517545728
0.941088378;0.456232296;0.45827129;0.82975422;0.399370028;1.540989566
0.675186542;0.418832921;0.990264009;0.598938303;0.253849936;0.731955088
0.984758374;0.844676161;0.883612219;0.890375281;0.316694971;1.610158666
0.759367206;0.917086732;0.909317937;0.81360236;0.454286503;1.635844186
0.931845154;0.737741452;0.962292424;0.978211379;0.266028991;1.677633622
0.960003291;0.666808278;0.764748056;0.930376419;0.310673459;1.669375066
0.915922137;0.693843865;0.766033253;0.878465901;0.342452967;1.633063256
0.913559904;0.606859829;0.556889435;0.74017541;0.444359049;1.433090168
0.654842635;0.793212894;0.946448443;0.77967952;0.451582218;1.50500236
0.828340416;0.598033821;0.642137314;0.779991362;0.417115895;1.523937716
0.845661282;0.666408915;0.858661039;0.915564929;0.3083183;1.726887668
0.354440377;0.197203421;0.681890075;0.446400282;0.364615241;0.744283599
0.673071258;0.668086474;0.843845133;0.758891186;0.427846045;1.540007735
0.235907043;0.302974518;0.81262757;0.599421714;0.587230677;1.266888409
0.338876337;0.381371337;0.871388348;0.69196857;0.464477503;1.491708284
0.481669954;0.385622491;0.676248077;0.755646078;0.419124929;1.600642086
0.316115866;0.699479074;0.842060117;0.329112577;0.864803997;0.622564335
0.80436739;0.637001241;0.906378366;0.933329504;0.300921635;1.651790871
0.516970635;0.317266187;0.469333299;0.711334297;0.47968154;1.37997137
0.365601523;0.336251059;0.695995809;0.694984546;0.491202281;1.510590992
0.682381833;0.432413314;0.518769981;0.736177731;0.477648825;1.472970909
0.251088762;0.257145864;0.798873723;0.693771892;0.464826936;1.358322808
0.857605889;0.642349478;0.67850866;0.794931038;0.395702815;1.532960033
0.807437987;0.654254521;0.848128329;0.892091721;0.333852304;1.708883076
0.322830427;0.209169905;0.81968932;0.48707448;0.351100853;0.831564051
0.788981259;0.681850516;0.769780307;0.787723288;0.396538057;1.519041895
0.451173543;0.562709847;0.757707291;0.70582704;0.573229594;1.487437242
0.824994285;0.723816334;0.655880685;0.691635852;0.484203073;1.354617413
0.987798822;0.633133507;0.596805987;0.809464549;0.391282472;1.558222174
0.746478919;0.547139927;0.830644044;0.923493236;0.277722118;1.831512451
0.779498579;0.427370226;0.714426023;0.69148818;0.307276046;1.003326443
0.894819101;0.529132191;0.917354708;0.686348778;0.236337558;0.971449873
0.817098811;0.628582029;0.810062364;0.888230841;0.328404034;1.706413417
0.612177544;0.945129228;0.982340635;0.727551194;0.540987361;1.58955284
0.96784905;0.697846344;0.878260585;0.977881992;0.27054894;1.713565484
0.731200371;0.372137149;0.77714505;0.508892823;0.28085409;0.609464849
0.295557664;0.14345216;0.950334826;0.379423451;0.233288546;0.625883118
0.55973213;0.356675275;0.536871859;0.758367411;0.431567836;1.503302327
0.914907764;0.552996236;0.596644422;0.85343239;0.372855084;1.693060967
0.885382379;0.369369775;0.618495022;0.493506025;0.28739917;0.557532269
0.212445271;0.368000807;0.841130883;0.598976844;0.71381399;1.420829393
0.371319112;0.326933781;0.887431459;0.790160311;0.35633852;1.454955943
0.609176082;0.509861058;0.889088034;0.866545401;0.305875538;1.610444131
0.781799322;0.966564388;0.686461959;0.570059205;0.683212522;1.161410971
0.633947715;0.48212246;0.57552762;0.68225815;0.511598609;1.382965288
0.497925638;0.284584719;0.643274049;0.569250221;0.402902799;0.927310715
0.822679508;0.703564627;0.893935138;0.891840466;0.323803741;1.623206586
0.323813923;0.332267174;0.884251455;0.74111984;0.417964048;1.445732242
0.527066629;0.354927898;0.567297414;0.752590953;0.428779349;1.567067146
0.625248404;0.999350472;0.984351261;0.686620111;0.561049097;1.438487
0.730271895;0.618986807;0.70031515;0.73848217;0.451907436;1.448303136
0.510668032;0.417072503;0.52477181;0.592350549;0.617201473;1.185775844
0.274287449;0.265919655;0.767051446;0.713865908;0.465350841;1.397350861
0.739290579;0.454148765;0.457539382;0.677656439;0.532925901;1.304230823
0.668094704;0.258757364;0.574843727;0.414006463;0.315588037;0.46394448
0.684569994;0.756879007;0.724196326;0.76078111;0.515155191;1.552924445
0.588379031;0.518410719;0.857758144;0.833821945;0.366384849;1.668419565
0.54213584;0.501163506;0.689707309;0.678894666;0.517284324;1.310017453
0.466907717;0.20546911;0.920496742;0.391897034;0.199830284;0.552543747
0.478552022;0.209505395;0.761911995;0.400655647;0.246437694;0.571863958
0.45705691;0.342846791;0.608827783;0.73445086;0.454039959;1.524385564
0.429818802;0.360340037;0.951570258;0.812078251;0.298830946;1.364069791
0.721338652;0.86662867;0.838685265;0.793476;0.477587939;1.598380194
0.927147846;0.485122642;0.672294011;0.69724674;0.304750047;1.151850933
0.171251221;0.255960068;0.875318958;0.563919992;0.631683757;1.252780107
0.929523722;0.786350486;0.876681555;0.89253396;0.31205698;1.628344055
0.636845318;0.932815299;0.89222279;0.686268367;0.589636695;1.481363548
0.617632976;0.307496115;0.918762723;0.457603956;0.20839811;0.611721873
0.781200022;0.69300599;0.975849035;0.903145227;0.294756163;1.628894657
0.851262945;0.970108334;0.781319916;0.7956881;0.486577974;1.572853804
0.511381617;0.481496787;0.916313314;0.814946263;0.33944067;1.552214101
0.83436979;0.513441403;0.588128263;0.828586392;0.392830144;1.66310704
0.917234776;0.422424636;0.661879224;0.534263586;0.287934517;0.686949636
0.938563899;0.826630114;0.916893166;0.882924537;0.309744353;1.590389373
0.618830525;0.490776414;0.742718581;0.812722087;0.365496809;1.57245092
0.287628738;0.379990602;0.969058178;0.666645153;0.518707891;1.457482111
0.755841129;0.644488261;0.913377758;0.8902566;0.324861053;1.609412877
0.657098209;0.575908656;0.800206608;0.790717088;0.392637986;1.617173948
0.849955266;0.390241373;0.543398048;0.605403013;0.355345725;0.807515493
0.87517095;0.627307915;0.727536861;0.870864083;0.349608903;1.611218071
0.74674899;0.403272182;0.756317186;0.57754864;0.30083383;0.789618235
0.276280964;0.36447679;0.59996274;0.572804085;0.751237385;1.217844931
0.700355064;0.315457027;0.82928211;0.441924372;0.203701653;0.506277037
0.294689674;0.277648984;0.708011495;0.690430475;0.487311829;1.374856298
0.455924263;0.505248675;0.613060871;0.653109035;0.64340498;1.578203042
0.795386397;0.561327757;0.514667283;0.649619131;0.524370514;1.313775024
0.532412033;0.485892701;0.621883639;0.631529109;0.562416291;1.253777964
0.513115611;0.523137771;0.749104735;0.675783679;0.528791186;1.362862619
0.832421415;0.453200341;0.853169341;0.563822512;0.255816782;0.829624297
0.788320577;0.676041328;0.513070246;0.676329767;0.564713326;1.409702925
0.333278031;0.22408811;0.712317421;0.535791211;0.43256061;0.954325834
0.751567283;0.422538285;0.984987975;0.527147661;0.231456319;0.623706991
0.576920949;0.493645859;0.509987096;0.603676091;0.642856266;1.284290566
0.901437645;0.82512812;0.511038108;0.604261409;0.648207579;1.236099771
0.494493021;0.429617895;0.872802114;0.831923423;0.33449322;1.565268497
0.855455868;0.515771411;0.457738066;0.679327914;0.516315666;1.300234713
0.972376751;0.474438687;0.887792177;0.501395581;0.210350275;0.55765043
0.887173948;0.719348264;0.870722935;0.90746183;0.30133746;1.638571828
0.414336912;0.474019925;0.966666375;0.748872399;0.42595022;1.575576674
0.882064183;0.971003181;0.747233845;0.782603192;0.504348445;1.551484791
0.183674699;0.257856025;0.655451733;0.537795956;0.754039511;1.038232809
0.320913135;0.707317161;0.832353833;0.320693496;0.872773964;0.60239586
0.662837421;0.57720722;0.643831569;0.67367779;0.52303066;1.376960326
0.536945315;0.74741471;0.56825561;0.342589512;0.875447081;0.670522594
0.584349865;0.606068895;0.709418424;0.672888406;0.555876091;1.380170997
0.141645548;0.229303174;0.579160879;0.480635954;0.900458734;1.160270053
0.619706499;0.512547521;0.625923353;0.685344433;0.508064503;1.365588375
0.99461693;0.340722798;0.447541049;0.476470961;0.347327557;0.570726057
0.987046155;0.93573302;0.868192268;0.814843237;0.348215667;1.563189376
0.909198666;0.754806899;0.766722153;0.808970124;0.366310462;1.532631284
0.546864535;0.557893711;0.909081907;0.775634483;0.410702881;1.584252519
0.37323592;0.683408109;0.758168764;0.361687473;0.870772487;0.715887588
0.675327792;0.607297221;0.730383879;0.727954742;0.454790059;1.396319657
0.404147654;0.23875947;0.55488015;0.550363251;0.467535021;0.938269204
0.942228459;0.659988512;0.651602026;0.810289292;0.392173842;1.600119616
0.875886151;0.425404159;0.9146015;0.49048484;0.211681444;0.538901999
0.477152573;0.694081749;0.850738483;0.682975478;0.615512857;1.616659389
0.655417779;0.574496901;0.452369837;0.585385223;0.684876777;1.245091613
0.367975796;0.411447947;0.788901239;0.64436769;0.54371232;1.341445053
0.246062067;0.270255226;0.70483417;0.610370216;0.580954925;1.20132392
0.879721591;0.43976759;0.694877165;0.57168404;0.299973577;0.716105424
0.186731141;0.221128057;0.711223686;0.595277252;0.608765559;1.183951839
0.624002233;0.458019504;0.603127096;0.738937759;0.470834149;1.467607795
0.810218496;0.658057785;0.73600043;0.790666276;0.395142408;1.486583756
0.770919377;0.421626234;0.807040798;0.558993134;0.273244966;0.715868659
0.926781439;0.836496142;0.740759513;0.740813905;0.419325254;1.376011327
0.84305792;0.391702509;0.754263775;0.498178963;0.26083116;0.591581513
0.790531683;0.382893578;0.583392656;0.594748329;0.349716362;0.853532401
0.42078437;0.992378408;0.547078007;0.165951221;1.152600552;0.218924608
0.631027351;0.441267239;0.544952519;0.704020567;0.502028837;1.34771924
0.412099617;0.596584857;0.73836762;0.560411493;0.716218862;1.161904241
0.441050538;0.555968019;0.902898027;0.714994497;0.536853405;1.500251671
0.924655716;0.758414934;0.668975445;0.724702791;0.429195932;1.413690401
0.579735047;0.963311522;0.956090013;0.619290837;0.640578272;1.252450006
0.246315655;0.416222098;0.992703846;0.687278345;0.60688248;1.543560487
0.615981955;0.73010156;0.771941071;0.75608007;0.519080599;1.537035815
0.546046978;0.980548934;0.461504988;0.164627996;1.256747837;0.240440371
0.149068693;0.201722095;0.977252533;0.606385654;0.512700399;1.191690012
0.462304107;0.344361252;0.538243745;0.672236527;0.517061174;1.337638183
0.970255357;0.755826412;0.760154967;0.849944823;0.34820981;1.599737457
0.390441578;0.859760904;0.533881639;0.164531184;1.125608911;0.248788395
0.366970289;0.40254507;0.680191291;0.609279176;0.649423832;1.310784395
0.453929432;0.967776026;0.545988836;0.166605313;1.213246804;0.259481813
0.752691657;0.333843898;0.825838634;0.452246751;0.232439698;0.512543398
0.658659051;0.699084021;0.968561929;0.798853406;0.362621731;1.572456339
0.250546271;0.147950754;0.96449215;0.41409344;0.272398969;0.775186578
0.352435568;0.332674222;0.979050323;0.792490086;0.336023592;1.564798938
0.858318058;0.6752806;0.598700526;0.685834145;0.498035776;1.327725523
0.767553189;0.886959711;0.794948335;0.793563314;0.504435711;1.557859115
0.419413766;0.222411189;0.499474063;0.49155895;0.485943363;0.696314546
0.460045203;0.912653476;0.506283415;0.157187942;1.174837882;0.223595081
0.773403068;0.73907255;0.811941776;0.760848954;0.420152462;1.479428639
0.446055757;0.831596229;0.86998267;0.408201978;0.772342425;0.793178911
0.805637298;0.713488988;0.687866421;0.702528486;0.469372737;1.364176098
0.427877289;0.810695629;0.476389821;0.156749383;1.141408724;0.240410268
0.778856753;0.368685614;0.827129397;0.477412575;0.243726567;0.531732049
0.37858777;0.331260022;0.631416061;0.672828883;0.514652532;1.335302195
0.974056818;0.44456253;0.831383083;0.489647729;0.215359664;0.554098546
0.413386186;0.948155368;0.518817248;0.159371582;1.156943366;0.204200477
0.606977455;0.320009882;0.602130959;0.580046147;0.377090085;0.79158701
0.737058522;0.816787599;0.974099503;0.772036745;0.384443698;1.466643771
0.281763146;0.804468075;0.641004768;0.157953903;1.089613679;0.209387741
0.346963603;0.358319753;0.549887341;0.554604387;0.719774768;1.202684254
0.45651921;0.88188869;0.849810626;0.366178937;0.783894838;0.821123601
0.797961103;0.582967291;0.517192339;0.631218127;0.548472685;1.316518575
0.390917156;0.429254766;0.775018832;0.653913485;0.557263723;1.319458622
0.378043887;0.649362059;0.968015207;0.642571601;0.65524053;1.327358197
0.292493334;0.671026546;0.832559259;0.305029159;0.906868199;0.58735591
0.63841701;0.294158858;0.822624731;0.445948619;0.219852288;0.584015247
0.320129496;0.885106631;0.692375997;0.159256868;1.088512039;0.231092765
0.242163615;0.792450135;0.813231989;0.161256167;1.165277247;0.268497087
0.160099931;0.635196596;0.910773703;0.156944891;1.15776277;0.278378314
0.348301757;0.752007584;0.475808545;0.159674824;1.101644287;0.232329194
0.728742405;0.762994619;0.855186595;0.737513675;0.429741722;1.470576321
0.93055015;0.871659562;0.758980801;0.733005252;0.421351905;1.436250651
0.934285718;0.741784711;0.488000836;0.689554892;0.54303976;1.378708021
0.42993999;0.88463471;0.460437817;0.156096556;1.082591759;0.200913437
0.639098462;0.546836549;0.525274853;0.624092993;0.63401919;1.348763926
0.890474541;0.837108354;0.768545027;0.741317524;0.415815683;1.436496703
0.862581001;0.386869783;0.623856789;0.530202434;0.30141473;0.641319044
0.548655356;0.276139028;0.861043072;0.448271401;0.235582819;0.653998136
0.521653154;0.870102403;0.965500616;0.63266171;0.614256053;1.304288684
0.783517731;0.664674585;0.484491228;0.648881242;0.588578107;1.319267522
0.899715777;0.405791015;0.760776944;0.489354147;0.25143048;0.531656897
0.907847496;0.834700515;0.745024054;0.736897658;0.427116583;1.398975423
0.50194324;0.87051849;0.464779877;0.153471586;1.154936718;0.225414314
0.334192349;0.251918307;0.976772533;0.584312887;0.348826131;0.954121443
0.161241994;0.374189286;0.770496242;0.338360722;0.946701133;0.582965908
0.701219312;0.631074384;0.979261206;0.886904037;0.305615359;1.636922308
0.825375152;0.625221247;0.610223308;0.718555626;0.473945419;1.388446375
0.722884791;0.334224694;0.750894013;0.466604142;0.275781809;0.642166219
0.273154635;0.910046881;0.666655981;0.163673326;1.108133513;0.220015769
0.905023183;0.813867401;0.685408626;0.699444017;0.476605326;1.376499056
0.253989347;0.73105545;0.626605352;0.155324046;1.058322508;0.208631643
0.360655532;0.250986147;0.905305178;0.551101921;0.35478376;0.815393551
0.819594533;0.679478589;0.477042163;0.661493835;0.611624418;1.292642193
0.231196888;0.873059757;0.763113608;0.136567856;1.086760118;0.185530647
0.230104195;0.955174124;0.918470247;0.153725323;1.078064241;0.197453694
0.197190506;0.716104571;0.999152347;0.168791101;1.062357625;0.330759336
0.388449859;0.215965891;0.671693279;0.462843399;0.397815322;0.691313873
0.203206734;0.584759815;0.801197543;0.194964713;1.06819397;0.418619048
0.402930909;0.603652378;0.76517688;0.558871001;0.694026485;1.168301892
0.862383448;0.42388287;0.708798078;0.552668787;0.284333731;0.745839872
0.375995219;0.198406897;0.660760744;0.426213605;0.359914241;0.665216238
0.579051753;0.285561319;0.934842816;0.448621525;0.205238808;0.643252117
0.231724576;0.390887198;0.565065398;0.333897025;0.964233402;0.762480967
0.331258794;0.466858339;0.624763628;0.490441782;0.790193948;1.027663559
0.976061841;0.486463969;0.915682754;0.514895438;0.2097086;0.605095973
0.360243791;0.767631104;0.569336989;0.154167046;1.089945746;0.254325521
0.819855797;0.301969135;0.537473536;0.434138466;0.318146689;0.476454233
0.215057696;0.650319427;0.722989059;0.150453568;1.144773494;0.276747692
0.813911269;0.353245664;0.770984611;0.455202027;0.247324395;0.587853075
0.344909127;0.217064928;0.753376342;0.492878843;0.401413636;0.811591204
0.629830335;0.304723283;0.662970194;0.47981614;0.334521692;0.630171182
0.519752388;0.412970464;0.541727033;0.629232446;0.570528226;1.234406969
0.611093359;0.643278494;0.980224161;0.805332722;0.372703841;1.585902118
0.882645969;0.322383229;0.463435859;0.479808796;0.357458944;0.528286659
0.385891511;0.360628289;0.624338456;0.625844911;0.590881848;1.298446365
0.227768612;0.554517466;0.560401008;0.150434105;1.161146171;0.277001433
0.572085481;0.942880537;0.470259597;0.152465901;1.141331656;0.217564804
0.270563417;0.661572047;0.701176211;0.189659031;1.044538923;0.351532115
0.596887755;0.497890024;0.593586327;0.646361874;0.546204785;1.255698263
0.569296001;0.460723253;0.763731149;0.815546114;0.371896564;1.541838758
0.450007997;0.470977919;0.750350423;0.661341709;0.538509216;1.358223979
0.792473385;0.435250515;0.780193639;0.614135001;0.275521301;0.805828691
0.940131026;0.450917343;0.890482267;0.490584838;0.2092837;0.527045133
0.381285255;0.404481399;0.7786065;0.671733097;0.530833753;1.416751601
0.384410167;0.409441904;0.699477463;0.623972117;0.603316418;1.31467171
0.462093358;0.965260833;0.948945966;0.396544279;0.735952577;0.833258176
0.385482827;0.242689054;0.899100385;0.485179906;0.295411829;0.682213967
0.191682935;0.638240428;0.793435415;0.149552002;1.154720588;0.2945321
0.656706264;0.316606646;0.508625976;0.584690595;0.40092534;0.952232681
0.690079594;0.717851847;0.834917861;0.731267023;0.457252724;1.408758986
0.168220105;0.38920754;0.584494362;0.224310544;1.027755115;0.499233463
0.195382363;0.588383532;0.628394332;0.14564544;1.157572197;0.210839569
0.937784208;0.436221242;0.707090897;0.524286681;0.272184661;0.636962027
0.803611328;0.34627701;0.948418152;0.441678675;0.159143183;0.504936952
0.421780853;0.568191126;0.718024186;0.621917814;0.663153863;1.343379615
0.507422083;0.496441887;0.472649647;0.559039787;0.741165342;1.153107002
0.370106595;0.778469119;0.581751667;0.159583246;1.035106431;0.288516106
0.895565145;0.82747725;0.739513748;0.72985936;0.432947823;1.385532669
0.290894163;0.291928348;0.625540342;0.599085263;0.59573549;1.181546879
0.339956077;0.661168437;0.511017361;0.157421368;1.059306535;0.283844966
0.725182876;0.387825565;0.90349387;0.500133185;0.252414844;0.590093289
0.905325487;0.378391878;0.729517765;0.47056363;0.248089733;0.582274795
0.241220059;0.330353403;0.706245486;0.597905843;0.71104149;1.24439813
0.56154378;0.516229903;0.564750888;0.629251207;0.635150053;1.29558512
0.144662016;0.283532731;0.456122437;0.249299374;1.111716049;0.60032274
0.932898029;0.663725946;0.527419857;0.660877516;0.501564738;1.309986568
0.357063811;0.16191567;0.72809481;0.377796953;0.28852157;0.767017968
0.344296295;0.445936038;0.833083579;0.687553389;0.598246695;1.454864809
1;0.40686964;0.682391234;0.471322492;0.245769312;0.479591453
0.564596737;0.277129474;0.92235272;0.439113149;0.211325935;0.594259129
0.961560823;0.684418597;0.573693898;0.714760171;0.455920054;1.394831012
0.22162987;0.247706574;0.628248054;0.561996833;0.66098409;1.168292437
0.350875973;0.350575585;0.716846432;0.66385052;0.538053666;1.297469676
0.757262611;0.338860896;0.801460257;0.45967857;0.239974406;0.533251306
0.715519105;0.748731793;0.998644525;0.826225971;0.359476661;1.583255945
0.691854335;0.20815782;0.586380498;0.351233648;0.216034132;0.494854519
0.542606592;0.862348885;0.468173491;0.163629251;1.024933909;0.240883543
0.844293171;0.352009047;0.955294169;0.436371457;0.147369145;0.546108828
0.208345954;0.714236198;0.679082905;0.149875655;1.086148873;0.191611704
0.418419115;0.214046151;0.876316584;0.428810782;0.25231217;0.629912959
0.18605263;0.337439977;0.445306136;0.244345502;1.072425012;0.510202995
0.387558283;0.913562334;0.631884898;0.150727988;1.136453362;0.244961988
0.321518099;0.165617675;0.971999366;0.407211398;0.236023408;0.705184869
0.599767803;0.61151019;0.825442074;0.722857422;0.465451846;1.427515581
0.605825156;0.279995892;0.448647704;0.551611623;0.453611224;0.971333791
0.279096554;0.878451157;0.732475138;0.1472158;1.126431549;0.204692984
0.285555198;0.746292839;0.723583146;0.159008572;1.010466002;0.295119748
0.153930357;0.672085291;0.90016176;0.140637431;1.204221437;0.194679991
0.288441049;0.905030685;0.919652221;0.166786388;1.035982735;0.292075115
0.268157609;0.626615842;0.629334254;0.167810699;1.06462293;0.310869554
0.234883328;0.673212304;0.634166262;0.140843797;1.122547921;0.200651006
0.165469982;0.40739595;0.575830936;0.189870462;1.112081003;0.391172418
0.733664973;0.341255223;0.904979597;0.448485375;0.189070605;0.479772739
0.515903125;0.701204072;0.683747506;0.511021614;0.737547464;1.039636761
0.980318645;0.420506475;0.857022195;0.457677246;0.191835168;0.520392218
0.560907101;0.893335676;0.994960779;0.715087362;0.562494836;1.500001794
0.293887592;0.602535598;0.520801459;0.155768008;1.118072985;0.3237563
0.214604997;0.761655372;0.891789304;0.146393496;1.123056235;0.275684523
0.325785316;0.772210957;0.696570902;0.178487202;1.034925931;0.294757381
0.431260476;0.841387781;0.51695361;0.148614332;1.159346045;0.249392327
0.660884468;0.226564233;0.551013663;0.384490067;0.268334089;0.449603079
0.516459942;0.476140427;0.759124019;0.7323652;0.464893469;1.496480255
0.524729536;0.595480521;0.600212064;0.607448687;0.676479745;1.251471903
0.306916102;0.762597284;0.974535144;0.342713558;0.821048355;0.819241187
0.26903337;0.832727198;0.902238469;0.163919378;1.01227498;0.306536649
0.502366792;0.678670664;0.530934626;0.326679216;0.87137403;0.680035493
0.716300313;0.740349725;0.98412693;0.830756584;0.365451436;1.586872508
0.142104741;0.37116585;0.830013705;0.323125436;0.955173793;0.642078004
0.807723989;0.91982813;0.617119327;0.553501831;0.69674839;1.075808731
0.72407304;0.250237483;0.59796764;0.391729529;0.239565912;0.593350682
0.956637802;0.355844592;0.976061309;0.421593228;0.116104331;0.464838047
0.200653359;0.656055154;0.882669523;0.161182232;1.059010426;0.310457347
0.600758911;0.260638799;0.641621683;0.416676499;0.289130593;0.73440643
0.190688436;0.781881542;0.956487947;0.147118199;1.135341081;0.237866188
0.261203572;0.461669157;0.584025489;0.306885249;0.945391823;0.588513004
0.229275182;0.712548266;0.862089627;0.16215547;1.0833702;0.348863931
0.290502419;0.837853861;0.822992549;0.159087199;1.032782821;0.326103853
0.547716831;0.230750215;0.929185745;0.395508032;0.1801394;0.565168989
0.749570232;0.636259247;0.481078293;0.647966499;0.598932012;1.303284975
0.694955354;0.291170098;0.867310924;0.424673743;0.182761005;0.52504304
0.397947703;0.65461237;0.482980042;0.193516414;1.021835675;0.328600155
0.188635552;0.443159381;0.793853662;0.325985551;0.906604205;0.685106312
0.550091552;0.892496475;0.869095471;0.544398748;0.68373681;1.12084763
0.562424779;0.226582433;0.960685285;0.391189425;0.162909946;0.550587941
0.479403591;0.204135051;0.942915003;0.389259949;0.184076472;0.633007854
0.668595301;0.793911593;0.790951085;0.780778318;0.528771052;1.531178134
0.593896427;0.843081503;0.851207671;0.687384029;0.580456194;1.516146021
0.297203335;0.750078907;0.451024479;0.153130803;1.131689538;0.222357506
0.622291323;0.725672017;0.782089477;0.760356179;0.537320735;1.568042922
0.889809092;0.87479061;0.755440037;0.724091037;0.462711356;1.387573836
0.207752033;0.475392409;0.840330609;0.351512171;0.907651683;0.71684729
0.943123791;0.41500515;0.605411926;0.541106246;0.302710876;0.674287472
0.796497591;0.317876554;0.904041703;0.413814419;0.159590111;0.420033931
0.426055099;0.744964614;0.931266556;0.562958397;0.673902111;1.163243076
0.458767599;0.438928465;0.591781011;0.589940942;0.649632778;1.276165294
0.165308046;0.591626529;0.967191695;0.169008612;1.047920033;0.392707708
0.776122005;0.349486073;0.782889454;0.461198026;0.24801998;0.56032911
0.486586624;0.184434322;0.697730209;0.365886247;0.241807332;0.638111627
0.672248986;0.298864229;0.859172973;0.432048909;0.195764431;0.552852691
0.356389785;0.180087834;0.471203925;0.434820083;0.514281609;0.71645025
0.424649223;0.243714732;0.690455173;0.500964604;0.392534521;0.750049752
0.945610627;0.29058013;0.553120535;0.404452659;0.219447228;0.435400009
0.869784477;0.328281169;0.892751527;0.409220806;0.144571227;0.42528266
0.198144722;0.25321939;0.988666422;0.65469597;0.482676885;1.24141133
0.474691392;0.765652361;0.997737094;0.717457764;0.554852586;1.507624292
0.968817459;0.728657556;0.603453008;0.712563404;0.45225333;1.360742398
0.202754267;0.303734037;0.67570746;0.584134208;0.754403727;1.280773324
0.927912616;0.824552878;0.542316521;0.69276347;0.574365852;1.428440141
0.216835391;0.473012136;0.55737236;0.188169642;1.072651622;0.44496703
0.947585818;0.375345045;0.960023429;0.439060097;0.13225991;0.541527639
0.210091115;0.449061048;0.621285564;0.265161354;1.018711008;0.659633067
0.222313189;0.949881998;0.762847525;0.137498718;1.190820648;0.195957931
0.27574385;0.15438142;0.468788662;0.424048177;0.559771799;0.728067035
0.491481624;0.171739967;0.456774867;0.361899293;0.352816831;0.58412527
0.2960055;0.780417221;0.704377034;0.150239227;1.088908077;0.270698856
0.552655703;0.835482265;0.477424844;0.195223479;0.997951141;0.290784003
0.24889294;0.772969918;0.733617152;0.148172212;1.15251132;0.23000308
0.570303845;0.241542002;0.577585995;0.411845751;0.35021183;0.53645873
0.397118691;0.97857784;0.77810267;0.178825049;0.96818493;0.28201526
0.147181829;0.380737972;0.570295187;0.16895782;1.108792858;0.341801304
0.157600883;0.274072221;0.612199433;0.450910057;0.916552069;0.976588746
0.6455437;0.264829241;0.962842453;0.405304137;0.157043651;0.527688917
0.407041346;0.465675607;0.562405802;0.581678074;0.722134359;1.318114663
0.514060228;0.856684965;0.930170671;0.591624084;0.667169509;1.23554489
0.307424188;0.539806344;0.4597712;0.174930002;1.071748471;0.333626585
0.240021431;0.396418867;0.500993891;0.293293942;0.992093631;0.569234672
0.199968013;0.51903166;0.713185201;0.20266208;1.074319653;0.425776016
0.469985304;0.495336437;0.611020192;0.645416885;0.639376604;1.350926834
0.179806476;0.614276535;0.60067351;0.120334983;1.095124095;0.168292854
0.983621725;0.398312833;0.670735584;0.466568305;0.249365457;0.461141291
0.238418623;0.572868859;0.593049698;0.150545774;1.115142512;0.31954119
0.176387726;0.323230585;0.996131206;0.635459543;0.665195582;1.421047458
0.340475062;0.192137156;0.479231554;0.475706737;0.54073309;0.823481517
0.46619227;0.97233348;0.632325167;0.159388794;1.015215377;0.261110798
0.89724124;0.377387261;0.657123149;0.465527228;0.27463551;0.515950408
0.504133179;0.163346302;0.451742713;0.346360674;0.3316629;0.527640675
0.772250637;0.313846409;0.447753662;0.52019806;0.398881754;0.968517683
0.898684643;0.958734759;0.799875179;0.769500109;0.492663309;1.521206129
0.881061308;0.374890616;0.923307634;0.442297556;0.152289459;0.462810766
0.592879962;0.255505892;0.486176344;0.474891468;0.417338506;0.645522668
0.626391029;0.769156879;0.870856436;0.796009114;0.487790819;1.62686444
0.723254385;0.341847291;0.839175442;0.456929723;0.24385404;0.674106807
0.755341165;0.306798735;0.931868308;0.418217763;0.156503293;0.484765414
0.257641475;0.648431718;0.549984504;0.137079142;1.151787702;0.203148967
0.391689796;0.900132797;0.863417539;0.291025775;0.856144795;0.62440423
0.329783328;0.506538229;0.496237204;0.283947741;0.940185329;0.591423178
0.678797332;0.775309923;0.753911845;0.757129895;0.525147014;1.563365877
0.273508022;0.487563585;0.627683079;0.322031628;0.922667549;0.631276896
0.540694076;0.203252579;0.478582335;0.384770215;0.356786061;0.64615802
0.260217637;0.511830268;0.592460225;0.249785572;1.004444207;0.603997248
0.66675753;0.994068352;0.49747272;0.197528265;0.994825761;0.302893585
0.228434747;0.621735346;0.507923285;0.131172292;1.047920521;0.167835831
0.36846636;0.653145949;0.459876348;0.150345372;1.083844976;0.269677912
0.468212523;0.823333581;0.573184423;0.209945881;0.976661231;0.364948233
0.463485231;0.173335146;0.579432728;0.360602866;0.293842017;0.653071873
0.308804322;0.863569525;0.92092781;0.210283871;0.973724188;0.337892198
0.505986489;0.9398067;0.605981662;0.194155491;0.993862623;0.304447808
0.188925104;0.54937632;0.649358912;0.147544504;1.168329157;0.3038954
0.537465526;0.65773289;0.858376139;0.758409461;0.533274418;1.612400188
0.396016422;0.867631136;0.827539278;0.29731653;0.881473752;0.642094926
0.618265434;0.187164682;0.819425377;0.334564285;0.150951129;0.456823945
0.838851094;0.362644994;0.614255896;0.500102972;0.310000591;0.557497824
0.828907679;0.348871837;0.659071061;0.452977353;0.280997323;0.560200332
0.146385783;0.44308161;0.609777113;0.134009211;1.157842642;0.27001417
0.302037754;0.509186616;0.865611143;0.592031004;0.683807758;1.265070251
0.181931;0.383773742;0.544938327;0.232556037;1.04921786;0.561854412
0.253174482;0.969036039;0.62250615;0.149849643;1.043668833;0.243160881
0.393103651;0.150891288;0.46253808;0.357780165;0.388415107;0.747461509
0.613897954;0.267498022;0.465673508;0.490710677;0.428003592;0.712435072
0.314587396;0.830225425;0.807778871;0.179075964;0.993296666;0.363511171
0.235397974;0.615360962;0.900767211;0.284490964;0.92692466;0.631284457
0.530278124;0.855408919;0.788488802;0.441041915;0.742911501;0.931522398
0.642036685;0.744099426;0.561382073;0.462301373;0.745412743;0.983579937
0.665485515;0.195115177;0.526440617;0.350922313;0.245820966;0.408181884
0.155831658;1;0.989791164;0.153892984;0.97303452;0.26414275
0.148456109;0.271832286;0.51637338;0.324762825;1.048586198;0.718959707
0.737750559;0.314411408;0.861491478;0.430303226;0.184229841;0.531746734
0.733175483;0.619695911;0.498173734;0.64593688;0.595299907;1.308462104
0.277377553;0.670473554;0.459206731;0.129236799;1.005281635;0.169658526
0.775393288;0.886098928;0.496606814;0.331104276;0.827978554;0.733511101
0.748074943;0.295243639;0.796309982;0.418045858;0.189772666;0.493592594
0.181797849;0.424298947;0.690769002;0.283122753;1.005336024;0.704286437
0.70867432;0.799426925;0.483428572;0.328024019;0.831177691;0.664297757
0.553744124;0.724491418;0.636802007;0.47697985;0.765952413;0.988087118
0.422351387;0.759243325;0.586842935;0.224628113;0.957730431;0.433823049
0.155395511;0.753531744;0.856843663;0.13685702;1.214683065;0.195748635
0.750574365;0.608407368;0.62053265;0.691275094;0.4852194;1.397498851
0.59009058;0.897341709;0.513856261;0.214355397;0.970398039;0.387049541
0.337305478;0.595047996;0.569776254;0.257169543;0.986584509;0.620071286
0.607995774;0.609204564;0.512644944;0.561510067;0.705746592;1.200208154
0.566875645;0.688002404;0.647192087;0.584045687;0.669396487;1.194436695
0.380963515;0.617381316;0.846456617;0.579391823;0.677350692;1.281405522
0.795815183;0.339794634;0.488785803;0.530625783;0.38431478;0.766019335
0.996334896;0.484209709;0.924809646;0.499096768;0.199246414;0.604268743
0.997953052;0.305484327;0.881774965;0.375409743;0.107506065;0.379366993
0.568286625;0.287745036;0.983056639;0.45382166;0.195252346;0.558623522
0.443323622;0.639500518;0.680780673;0.464936791;0.781711174;0.925092006
0.491693966;0.861582646;0.811170406;0.391456174;0.772364262;0.779172986
0.989131093;0.300548902;0.751482805;0.382322824;0.148223346;0.415315008
0.373750074;0.426639774;0.51327169;0.528946878;0.771145975;1.104786187
0.279911512;0.507820136;0.581308962;0.281237693;0.987506772;0.57533743
0.369069974;0.624088375;0.560734144;0.264172134;0.975993227;0.580467567
0.220553526;0.723167436;0.873838437;0.149815488;1.112145018;0.308763377
0.946199785;0.296528244;0.684545381;0.403468815;0.170619573;0.391330865
0.226418508;0.462460522;0.507597072;0.181096443;1.066841549;0.378430628
0.206141684;0.476761822;0.783244283;0.318491065;0.952232702;0.655696753
0.485091018;0.840612632;0.908262764;0.527764526;0.694147678;1.120961798
0.166884088;0.784200718;0.743050986;0.14630668;1.091694776;0.240540556
0.283327603;0.652532038;0.873408781;0.335796035;0.890735842;0.767376289
0.383726133;0.392908275;0.49451456;0.571407402;0.733623886;1.134515311
0.389123929;0.419401071;0.467274731;0.506097097;0.801353385;1.036895458
0.630672578;0.192467644;0.880197229;0.32875911;0.136351022;0.355003851
0.84631363;0.347872446;0.66433063;0.453946405;0.264430477;0.493604147
0.883710648;0.858619985;0.752486842;0.726512612;0.463161706;1.398643575
0.599191207;0.223376803;0.810565768;0.379842204;0.185019428;0.503245775
0.382060025;0.776817591;0.764158154;0.306352664;0.865853621;0.677003163
0.877821247;0.282561798;0.529165949;0.411230273;0.28156377;0.473240513
0.277649001;0.682813199;0.87745514;0.290881019;0.925660824;0.674566586
0.438818442;0.708683401;0.936389322;0.657551254;0.611552197;1.422309398
0.591091946;0.907201172;0.756832776;0.437591345;0.760642403;0.897750257
0.224038341;0.872109604;0.687229587;0.135304422;1.120841207;0.194721695
0.399140857;0.632734786;0.792756578;0.525520952;0.749692749;1.066087261
0.973242924;0.310712042;0.464147622;0.433548299;0.31279289;0.510571349
0.558753086;0.923302231;0.91757379;0.565406878;0.628702948;1.140243347
0.416225984;0.710753925;0.836048956;0.48682379;0.718752018;0.972119128
0.98967551;0.740564885;0.616400311;0.734280989;0.429426663;1.471924484
0.766669062;0.733739166;0.482355853;0.5080138;0.711217013;1.010141018
0.158524784;0.669943128;0.731395722;0.115684958;1.094508954;0.166273504
0.643231106;0.82054125;0.658918553;0.513204937;0.73775894;1.022977075
0.770009977;0.604859418;0.520326826;0.625091264;0.585168203;1.311596986
0.647998973;0.97729882;0.709785294;0.38587825;0.787209725;0.763528095
0.169417103;0.44932607;0.495837965;0.135553235;1.186222406;0.227897749
0.602474495;0.176602683;0.895240526;0.31645082;0.101292174;0.366777728
0.594498854;0.53613727;0.505049476;0.640401472;0.642300613;1.401098407
0.178175617;0.708267298;0.63006794;0.140716158;1.098602304;0.227197728
0.729977016;0.985272948;0.474197338;0.221065593;0.97515877;0.380563473
0.136002217;0.803942164;0.961460866;0.136949943;1.138372575;0.215836808
0.94904663;0.308796812;0.612672731;0.417592298;0.20303292;0.36669616
0.597311758;0.189656462;0.46835191;0.361451631;0.307887608;0.632418173
0.310525769;0.451750482;0.601576184;0.434364545;0.848415291;0.917874505
0.917278746;0.282257023;0.716751139;0.375620331;0.160646203;0.379872202
0.6884998;0.297633728;0.981527297;0.42865358;0.157823865;0.477850604
0.192650421;0.95848363;0.8401796;0.130329428;1.011518608;0.201237154
0.758498327;0.286127365;0.608251389;0.424902443;0.291537661;0.48783457
0.355873042;0.831338081;0.814877431;0.244764101;0.919314949;0.488390014
0.522727271;0.188147788;0.702542956;0.364397382;0.223351123;0.586647377
0.763058236;0.320610097;0.493075005;0.506996362;0.381886465;0.625231688
0.16232854;0.388756893;0.644863207;0.251938114;1.04447628;0.652897155
0.36393616;0.590227553;0.860001507;0.598706913;0.670271032;1.348996795
0.419535884;0.20466682;0.983447004;0.412153709;0.204126787;0.564044205
0.753351646;0.151099377;0.589748817;0.270399487;0.109332795;0.330717547
0.289201466;0.641549848;0.740594602;0.261945026;0.97735112;0.583239882
0.178945389;0.597373708;0.580130179;0.120234329;1.019265822;0.161263739
0.966600423;0.253021799;0.448827084;0.380064675;0.244217436;0.389438237
0.653773357;0.16908819;0.509635801;0.320171136;0.223859733;0.406377152
0.659118501;0.956359768;0.775547031;0.522636964;0.700972528;1.044344283
0.185241894;0.565066143;0.965080214;0.250620931;0.954917083;0.561256982
0.335718916;0.155916313;0.845271783;0.373210906;0.253154402;0.641035967
0.252109425;0.634055808;0.787371741;0.225262063;1.01387003;0.460132259
0.434636149;0.798837625;0.96420279;0.537798162;0.690531178;1.10253215
0.347864589;0.790075587;0.777518712;0.240590524;0.942745089;0.480785533
0.150085361;0.467518043;0.531565064;0.118191294;1.114894054;0.157590137
0.410693629;0.818950248;0.698453548;0.251390269;0.952451761;0.533395956
0.965719926;0.259762066;0.568359991;0.367447309;0.186262287;0.355608569
0.176752329;0.266416264;0.525644646;0.457155427;0.925143345;1.050292415
0.955435593;0.23424804;0.450494039;0.360991143;0.227458154;0.371306242
0.816036291;0.637455802;0.522108324;0.639587518;0.579851308;1.318067005
0.172093845;0.441677786;0.500225755;0.12692208;1.183692506;0.22014209
0.23739567;0.860659924;0.565647518;0.135262717;1.04805531;0.221398615
0.281003402;0.507327341;0.668690284;0.345151075;0.926490085;0.734750569
0.136735706;0.464137697;0.636013519;0.131572987;1.174485692;0.189322616
0.923211716;0.248436173;0.607543743;0.362707397;0.177551749;0.335509041
0.77415259;0.947470363;0.647598996;0.516394309;0.717455776;1.020242882
0.60411387;0.878895913;0.598940656;0.327017746;0.84171567;0.721639724
0.67022961;0.261808892;0.997030893;0.396026272;0.146043593;0.514993607
0.71373685;0.997822559;0.673689324;0.399679106;0.768216192;0.84649319
0.433349229;0.839144502;0.911677661;0.415419683;0.787342966;0.824208747
0.393885005;0.925117228;0.806703309;0.22206659;0.942616971;0.403821398
0.410974657;0.812787182;0.894593282;0.401502992;0.791747518;0.855168135
0.285043811;0.585305551;0.93438642;0.457322027;0.760308421;0.955859119
0.374603954;0.734545121;0.714901826;0.294165368;0.914994642;0.681237399
0.311023016;0.817850147;0.940664018;0.267603172;0.907029369;0.570257084
0.180945231;0.805244912;0.677459909;0.135616385;1.057707597;0.227789494
0.711516655;0.651685082;0.489581645;0.5963201;0.649213622;1.279232568
0.580843621;0.846030062;0.684036407;0.405323679;0.784904663;0.802779244
0.911681412;0.809939131;0.49361428;0.592692797;0.655164045;1.243302358
0.626774434;0.935070372;0.587368478;0.293602762;0.880904111;0.653000076
0.735350796;0.893733178;0.607072903;0.451151769;0.767043971;0.884644306
0.743545554;0.289604845;0.668032349;0.416128149;0.262626462;0.440312601
0.226194134;0.929945961;0.6485271;0.129730888;1.072342806;0.208938073
0.327279595;0.688257763;0.719960381;0.264181775;0.947348732;0.600912341
0.949518198;0.288445721;0.511988228;0.404667686;0.271399753;0.438739313
0.902181036;0.238498314;0.865889445;0.326837;0.104908131;0.371358412
0.934745515;0.272564348;0.891320072;0.348372803;0.106785834;0.345670886
0.933434917;0.846763919;0.558426545;0.699384865;0.580768438;1.466902685
0.925497367;0.359042321;0.634535618;0.458019129;0.262541607;0.558360527
0.65229181;0.160193865;0.631011662;0.301393555;0.161996367;0.421225628
0.583669901;0.207558515;0.498699087;0.379461157;0.318211649;0.583374632
0.505417141;0.826310516;0.583145536;0.258664897;0.918098012;0.553533562
0.686471062;0.937063502;0.494302306;0.244785355;0.937462132;0.509613157
0.48771251;0.752947354;0.864860947;0.620468312;0.664043229;1.349042174
0.598030825;0.815050431;0.488422861;0.260485675;0.914875152;0.563780046
0.313255709;0.715524601;0.95724122;0.37262879;0.802517154;0.757072167
0.336165623;0.678028694;0.959700947;0.466973766;0.764702795;0.962013108
0.353297676;0.962879501;0.942512704;0.219618589;0.903759231;0.383190414
0.873181894;0.7223384;0.597251978;0.666574011;0.51013077;1.346019057
0.621338809;0.185714573;0.961287169;0.322899954;0.088786417;0.419371026
0.646418506;0.986673545;0.938753541;0.6928917;0.569129547;1.427833708
0.452972482;0.184663753;0.774124597;0.371615409;0.232707714;0.614488121
0.316937058;0.766409914;0.844573651;0.261518546;0.907037878;0.549614322
0.451980957;0.730764925;0.875230058;0.585920637;0.684274639;1.253625004
0.784557304;0.19988859;0.522868605;0.337057381;0.205349791;0.32942244
0.948453237;0.26386279;0.705655433;0.358068192;0.149056945;0.359575486
0.742216816;0.841949593;0.828616381;0.785229058;0.490627501;1.517256033
0.345496147;0.76045283;0.970189298;0.395928237;0.784913479;0.89736964
0.409277274;0.65908605;0.791614506;0.496001754;0.763060935;1.05350643
0.628748282;0.720206981;0.478105482;0.325482821;0.8602499;0.71806479
0.258839458;0.946300012;0.522447921;0.133731177;0.914340575;0.233386313
0.284272301;0.622647075;0.954293759;0.417380151;0.807185314;0.889292856
0.154154716;0.750884132;0.786262852;0.122407037;1.026717083;0.187582446
0.240203835;0.432916305;0.721630032;0.418184547;0.859458962;0.840804518
0.519296651;0.579700351;0.466906042;0.379837815;0.841767759;0.786259161
0.83187751;0.275442582;0.972984508;0.374981009;0.114334327;0.431656253
0.152832919;0.78476746;0.789072251;0.126049816;1.029200951;0.209081581
0.744897604;0.190528631;0.771294364;0.30547431;0.101603384;0.353664544
0.777696957;0.232097436;0.926860341;0.337254113;0.115824677;0.367888817
0.677149735;0.613375321;0.535502864;0.658775902;0.593096989;1.385553273
0.50086786;0.815872755;0.595411789;0.274315973;0.893439447;0.605282351
0.203807783;0.469806229;0.966241196;0.433184082;0.853777708;0.913965101
0.701963525;0.318826682;0.654817307;0.471231158;0.317680225;0.571896281
0.263166251;0.533837332;0.919772236;0.453888873;0.802492457;1.030852184
0.891914396;0.243985832;0.492324542;0.373431403;0.230973458;0.406478047
0.704997302;0.225554325;0.835462969;0.349511358;0.146209919;0.476046175
0.448476975;0.145412616;0.734104638;0.317184528;0.198573418;0.504497101
0.428337409;0.496236436;0.693379863;0.672532601;0.609799841;1.307363758
0.695574667;0.93425126;0.491870988;0.250802501;0.933239873;0.532943639
0.508983885;0.550043735;0.70746164;0.668750982;0.58887559;1.38430692
0.635343263;0.172482285;0.698021811;0.313574472;0.161783014;0.473285727
0.985275699;0.293466305;0.728669221;0.371785585;0.146059332;0.354107838
0.582160307;0.786997158;0.717333912;0.55610832;0.698637211;1.135737593
0.220099644;0.494522345;0.972371469;0.446208084;0.823081237;0.924559119
0.350351951;0.685591353;0.969676416;0.50034165;0.739367803;0.967163505
0.663828649;0.17846385;0.834442184;0.306674469;0.097116922;0.40050777
0.271189314;0.366841254;0.563997067;0.502080821;0.816141322;1.068354101
0.49644758;0.850391809;0.914109076;0.532964522;0.665524997;1.060278588
0.823753581;0.21884527;0.501082635;0.352179317;0.223342527;0.387900352
0.872207441;0.177249295;0.547397726;0.295157832;0.15142477;0.261588728
0.623408097;0.86529678;0.55826711;0.31790299;0.850009041;0.67446827
0.650909242;0.709574566;0.721780985;0.740856425;0.545936929;1.474149316
0.863958468;0.245242428;0.797408163;0.348238065;0.133118098;0.403431802
0.497192253;0.975855934;0.716003315;0.252220223;0.899865264;0.497128482
0.909490749;0.189315028;0.912418666;0.263010541;0.056088084;0.296136998
0.693304198;0.573406561;0.541188635;0.6268817;0.589567617;1.312701191
0.543433064;0.168620713;0.701222224;0.334091425;0.190689045;0.532928339
0.571128914;0.833584353;0.571279775;0.313437979;0.866921644;0.746482408
0.552188685;0.15722111;0.871969507;0.31024234;0.103181704;0.410285912
0.138772279;0.43701686;0.517760711;0.110875402;1.153016328;0.144652546
0.21608537;0.403824253;0.737471591;0.422627723;0.864891128;0.876726757
0.691813154;0.231011953;0.665806331;0.373755053;0.204588954;0.411808314
0.77104618;0.267876836;0.524052088;0.415388657;0.31296612;0.446441396
0.225090787;0.801815789;0.504545761;0.124077682;0.879353068;0.217171327
0.265391587;0.457486099;0.748898014;0.466376208;0.816696665;1.004471497
0.720122784;0.234925127;0.980546817;0.358628744;0.117244203;0.379297725
0.918344056;0.200095142;0.745388941;0.28896816;0.082686351;0.299195708
0.14567663;0.459120941;0.485450064;0.100259667;1.119871947;0.141695604
0.854412325;0.218048188;0.904661447;0.304593711;0.073900192;0.302395091
0.557066586;0.953342481;0.869363509;0.464626755;0.713524633;0.944408509
0.614542353;0.165154898;0.691860726;0.312055057;0.134214196;0.43204948
0.754145949;0.221474362;0.529605488;0.363789573;0.235784358;0.371213717
0.958016568;0.239662076;0.61450519;0.35070497;0.156008667;0.310187072
0.152271951;0.922175571;0.911023335;0.113810152;1.007424036;0.187589514
0.671560223;0.950436933;0.552184121;0.288505276;0.901500614;0.669887216
0.460735538;0.70236399;0.594387476;0.324864715;0.868328703;0.738773745
0.330027933;0.643369533;0.752000764;0.341795809;0.896764148;0.757189283
0.476725521;0.629901458;0.563784682;0.377782224;0.860036644;0.784385752
0.690969318;0.914200609;0.58563841;0.34925279;0.813425798;0.716212539
0.84344651;0.933760519;0.844940961;0.765705643;0.458434686;1.510885821
0.998707418;0.213017087;0.946379981;0.273913065;0.051504248;0.29002433
0.868644695;0.691849101;0.613618208;0.689264061;0.478830693;1.374437777
0.535542329;0.995527462;0.720666478;0.29098097;0.876910971;0.628561581
0.137952928;0.463209574;0.507106752;0.115098329;1.098533814;0.17252852
0.74844939;0.552154222;0.461818041;0.596009499;0.610987702;1.260718649
0.894008926;0.99876242;0.45346247;0.307158374;0.887269107;0.666602475
0.764987837;0.246350249;0.74677876;0.365580182;0.167222094;0.455967908
0.395840623;0.47856999;0.514939393;0.445494575;0.825624464;0.975252072
0.992146556;0.232996205;0.742100082;0.31977754;0.113623679;0.324343023
0.893606273;0.908667681;0.563195695;0.576235916;0.675688411;1.18938993
0.436900559;0.866975929;0.783649005;0.315923782;0.84271067;0.673738839
0.646698329;0.646037078;0.619347641;0.688910795;0.582810999;1.428173517
0.134270721;0.299936755;0.629756413;0.303806846;1.044219574;0.633609526
0.577726045;0.806076736;0.691251816;0.467405754;0.75060355;0.944623262
0.605436638;0.629252657;0.725027022;0.683272547;0.557566579;1.381612354
0.483686699;0.542060037;0.553919247;0.555446627;0.720546759;1.217937161
0.342717098;0.773290817;0.912767077;0.344738302;0.824488919;0.717747477
0.194759988;0.447662791;0.947926613;0.431160399;0.820381822;0.884719694
0.79852991;0.950990329;0.480629428;0.312260288;0.872480554;0.660972911
0.485988335;0.149694181;0.661471436;0.317943576;0.209731882;0.42968611
0.408066236;0.530714979;0.528357411;0.379652794;0.866246603;0.790696171
0.896765592;0.261427801;0.901873305;0.342501036;0.111710222;0.37967429
0.800839871;0.245634429;0.990868503;0.345034096;0.107501505;0.364533554
0.60948087;0.167973301;0.681686913;0.320621976;0.170134469;0.40825867
0.528885681;0.144306415;0.772865333;0.294123424;0.124315923;0.415015851
0.402915777;0.849147084;0.957603396;0.403709405;0.760434933;0.773554304
0.817379948;0.16125614;0.81367175;0.256353721;0.069491951;0.313106447
0.523767298;0.809104459;0.735450057;0.427635011;0.781056926;0.838242652
0.681190135;0.779491306;0.465014043;0.323181599;0.843321075;0.659166762
0.82986707;0.211156887;0.805229943;0.318530047;0.115656472;0.354582612
0.287026463;0.408202603;0.490224553;0.334382222;0.93879773;0.784756372
0.525424435;0.162283698;0.747576805;0.320631897;0.176241515;0.491495917
0.759776965;0.990773034;0.570910088;0.350823659;0.831203564;0.776155112
0.63516038;0.180711242;0.639869098;0.320623908;0.190835354;0.51594544
0.333378769;0.599098318;0.790641708;0.413706224;0.82370356;0.866651832
0.971459031;0.20093914;0.481987862;0.313653185;0.176113005;0.303172847
0.981360966;0.237019135;0.656683883;0.333696172;0.138499436;0.346109792
0.982358209;0.220069622;0.933127989;0.283637454;0.05521068;0.312725697
0.499152499;0.58178888;0.491306455;0.381957989;0.866777569;0.792442835
0.48003385;0.697254777;0.759738825;0.551611144;0.700287169;1.122018544
0.438525398;0.483313492;0.474996097;0.454039031;0.824695536;0.8992947
0.66989562;0.702926582;0.736901219;0.706069457;0.536686931;1.457931729
0.163232503;0.568914796;0.483961127;0.108179625;1.094085211;0.189645944
0.465136792;0.685051219;0.663656977;0.40790556;0.82089435;0.891014502
0.921825986;0.166625062;0.935736389;0.23743029;0.047991838;0.249778905
0.848413777;0.235270148;0.651019497;0.350575266;0.16996911;0.382778732
0.906055728;0.236470894;0.991419318;0.314197215;0.059372894;0.332741077
0.776810496;0.175861303;0.703936416;0.290515066;0.100367169;0.333072363
0.531667887;0.847136656;0.958452932;0.674307275;0.610717006;1.462620123
0.18355447;0.36497698;0.773858977;0.430264124;0.86827967;0.931984613
0.86516874;0.183604979;0.61155772;0.30104423;0.109722843;0.262810763
0.944006989;0.197486646;0.56176121;0.306918859;0.146688593;0.279339618
0.47560228;0.888467594;0.816111596;0.369431692;0.797726248;0.831652518
0.573593486;0.601120302;0.471705094;0.432695177;0.798589736;0.916474838
0.482739854;0.79074514;0.804031816;0.459345471;0.746882917;0.98636182
0.821561811;0.152209554;0.578453347;0.265830382;0.102006955;0.277396822
0.267887178;0.928461281;0.454366581;0.103835058;0.865669006;0.183157541
0.674356114;0.177966079;0.846973803;0.302459247;0.094054431;0.347021973
0.533082253;0.911636655;0.847473531;0.444894676;0.754831704;0.918820355
0.93560743;0.214793082;0.743723723;0.308122383;0.083858531;0.312478534
0.132437717;0.570164107;0.602377696;0.081386631;1.082265888;0.129176456
0.726730312;0.156852103;0.862910622;0.263441625;0.070989694;0.309165733
0.809937452;0.182543689;0.715655702;0.291814654;0.093030292;0.342650414
0.664323549;0.795628629;0.585196294;0.458487084;0.747650728;0.992596532
0.556845924;0.581236149;0.551389554;0.608508288;0.672451421;1.293254229
0.950638711;0.155037728;0.823775118;0.226585216;0.051701273;0.254056632
0.970706713;0.940893502;0.725445121;0.735780131;0.486547259;1.441211272
0.173614987;0.571631823;0.470938886;0.092600039;1.04461431;0.148096665
0.8806308;0.18155219;0.736441001;0.273035715;0.078065595;0.28394539
0.847264612;0.174270174;0.671901714;0.284779531;0.088330087;0.256701253
0.986694906;0.14881615;0.576704444;0.237747145;0.078536736;0.238506873
0.835776228;0.146360961;0.673155409;0.244106164;0.07616721;0.222676466
0.196078213;0.973688512;0.650371992;0.083993277;0.926351085;0.148183451
0.967476252;0.146810462;0.534731437;0.248116681;0.090283708;0.227423559
0.920512122;0.170651551;0.985734621;0.240302748;0.041914404;0.251056821
0.13575605;0.717162758;0.660265144;0.076604051;1.018713376;0.138913382
0.223343093;0.923880437;0.526843466;0.072712488;0.988632461;0.129158189
0.143316667;0.631554591;0.543041213;0.064158877;0.957962137;0.117397299
0.144402756;0.811791608;0.664903394;0.062016659;0.911218135;0.112852713
0.169765723;0.896441315;0.649619608;0.059105413;1.035113721;0.106518471
0.167270196;0.808085847;0.559013277;0.055864037;1.060351663;0.101999217
0.193899532;0.99168673;0.572293896;0.053287688;0.759610707;0.095871907
0.198925749;0.82132242;0.487450759;0.047741508;0.931950374;0.08724914
0.175226216;0.921706439;0.582291604;0.042399888;0.868815044;0.07687035
0.187870962;0.81151615;0.498939399;0.040545023;0.932097161;0.073756014
0.201498352;0.894967796;0.479355029;0.031177055;0.716233718;0.057302632
0.131861038;0.593572015;0.515568763;0.029327678;0.941859504;0.054491527
0.130852104;0.718603776;0.620596424;0.029138179;0.930586846;0.053210998
0.172615112;0.851965312;0.532833879;0.028082133;0.76871728;0.05178654
0.15698273;0.778019184;0.446772949;5.65E-06;1.067569868;8.16E-06
0.140026043;0.796750403;0.503832256;5.99E-06;1.309179206;8.85E-06
0.140648953;0.941532716;0.546542087;4.42E-06;1.414426122;6.53E-06
